INSERT INTO STUDENT
VALUES(000000006, 1, 'Matt Bryan', '987 main way', 11111111116);

INSERT INTO STUDENT
VALUES(000000007, 1, 'Jimmy Jam', '321 main way', 11111111117);

INSERT INTO STUDENT
VALUES(000000008, 2, 'Andre Samuel', '4657 Somewhere road', 11111111118);

INSERT INTO STUDENT
VALUES(000000009, 2, 'Brian Rums', '3124 Place way', 11111111119);

INSERT INTO STUDENT
VALUES(000000010, 2, 'Andrew Bern', '986 Rood street', 11111111110);

INSERT INTO PROFESSOR
VALUES(123456789, 'Bert Macklin', 'Place', 'Los Angeles', 'CA', '15951', 
123, 
1234567, 'M', 'Professor', 50000);

INSERT INTO PROFESSOR
VALUES(987654321, 'Jess Bess', 'Somewhere', 'Fullerton', 'CA', '55555', 
321, 
9876543, 'F', 'Doctor', 60000);

INSERT INTO PROFESSOR
VALUES(111111111, 'Scott Annin', 'Road', 'La Habra', 'CA', '98745', 987, 
7777777, 'M', 'Doctor', 60000); 


INSERT INTO DEPARTMENT
VALUES(1, 111111111, 'Mathematics', 'Math Building', '11111111111');

INSERT INTO DEPARTMENT
VALUES(2, 987654321, 'Computer Science', 'CS Building', '22222222222');


INSERT INTO COURSE
VALUES(1, 1, 'Abstract Algebra', 'Basic Algebra Book', 4);

INSERT INTO COURSE
VALUES(2, 1, 'Calculus', 'Calculus book', 4);

INSERT INTO COURSE
VALUES(3, 2, 'Databases', 'Database book', 4);

INSERT INTO COURSE
VALUES(4, 2, 'Data Structures', 'Data Structure book', 3);


INSERT INTO SECTION
VALUES(1, 1, 111111111, 'MA 102', '08:00:00', '09:50:00', 30);

INSERT INTO SECTION
VALUES(2, 1, 111111111, 'MA 102', '10:00:00', '11:50:00', 30);

INSERT INTO SECTION
VALUES(3, 2, 111111111, 'MA 100', '12:00:00', '13:50:00', 30);

INSERT INTO SECTION
VALUES(4, 2, 111111111, 'MA 100', '14:00:00', '15:50:00', 30);

INSERT INTO SECTION
VALUES(5, 3, 987654321, 'CS 101', '08:00:00', '08:50:00', 30);

INSERT INTO SECTION
VALUES(6, 3, 987654321, 'CS 102', '09:00:00', '09:50:00', 30);

INSERT INTO SECTION
VALUES(7, 4, 987654321, 'CS 104', '10:00:00', '11:50:00', 30);

INSERT INTO SECTION
VALUES(8, 4, 987654321, 'CS 200', '14:00:00', '15:50:00', 30);


INSERT INTO ENROLLMENT 
VALUES(000000001, 1, 'A');

INSERT INTO ENROLLMENT 
VALUES(000000001, 2, 'A');

INSERT INTO ENROLLMENT 
VALUES(000000001, 3, 'A');

INSERT INTO ENROLLMENT 
VALUES(000000002, 1, 'B');

INSERT INTO ENROLLMENT 
VALUES(000000002, 2, 'A');

INSERT INTO ENROLLMENT 
VALUES(000000002, 3, 'C');

INSERT INTO ENROLLMENT 
VALUES(000000003, 1, 'F');

INSERT INTO ENROLLMENT 
VALUES(000000003, 2, 'F');

INSERT INTO ENROLLMENT 
VALUES(000000003, 3, 'F');

INSERT INTO ENROLLMENT 
VALUES(000000003, 4, 'F');

INSERT INTO ENROLLMENT 
VALUES(000000003, 5, 'F');

INSERT INTO ENROLLMENT 
VALUES(000000003, 6, 'F');

INSERT INTO ENROLLMENT 
VALUES(000000003, 7, 'F');

INSERT INTO ENROLLMENT 
VALUES(000000003, 8, 'F');

INSERT INTO ENROLLMENT 
VALUES(000000004, 1, 'B-');

INSERT INTO ENROLLMENT 
VALUES(000000004, 2, 'C+');

INSERT INTO ENROLLMENT 
VALUES(000000005, 1, 'A+');

INSERT INTO ENROLLMENT 
VALUES(000000006, 1, 'C-');

INSERT INTO ENROLLMENT 
VALUES(000000007, 3, 'D-');

INSERT INTO ENROLLMENT 
VALUES(000000007, 6, 'D+');

INSERT INTO ENROLLMENT 
VALUES(000000008, 8, 'B+');

INSERT INTO ENROLLMENT 
VALUES(000000009, 4, 'B+');

INSERT INTO ENROLLMENT 
VALUES(000000010, 8, 'F-');

INSERT INTO ENROLLMENT 
VALUES(0000000010, 4, 'A+');

INSERT INTO ENROLLMENT 
VALUES(0000000010, 5, 'A+');

INSERT INTO MEETING_DAY
VALUES(1, "Mo");

INSERT INTO MEETING_DAY
VALUES(2, "Tu");

INSERT INTO MEETING_DAY
VALUES(3, "We");

INSERT INTO MEETING_DAY
VALUES(4, "Th");

INSERT INTO MEETING_DAY
	VALUES
	(5, "Fr"),
	(6, "Sa"),
	(7, "Su"),
	(8, "Mo");
